product,unit,price,price_unit,process,value,type
acetaldehyde,TONNE,142.19907955462298,¢/KG,"acetaldehyde, from ethylene by one-step oxidation",1.0,PRODUCT
acetaldehyde,TONNE,142.19907955462298,¢/KG,"acetic_anhydride, from acetaldehyde oxidation",-1.0798,RAW MATERIALS
acetic_acid,TONNE,82.7397434989923,¢/KG,"acetic_acid, from ethanol via acetaldehyde",1.0,PRODUCT
acetic_acid,TONNE,82.7397434989923,¢/KG,"acetic_acid, from methanol carbonylation",1.0,PRODUCT
acetic_acid,TONNE,82.7397434989923,¢/KG,"acetic_acid, from one-step ethylene oxidation",1.0,PRODUCT
acetic_acid,TONNE,82.7397434989923,¢/KG,"acetic_anhydride, from acetaldehyde oxidation",0.15623506055249223,BY-PRODUCT CREDITS
acetic_acid,TONNE,82.7397434989923,¢/KG,"acetic_anhydride, from acetic acid via ketene",-1.2331,RAW MATERIALS
acetic_acid,TONNE,82.7397434989923,¢/KG,"acetic_anhydride, from methyl acetate carbonylation",-0.52288,RAW MATERIALS
acetic_acid,TONNE,82.7397434989923,¢/KG,"adipic_acid, from glucose by heterogeneous catalysis",-0.0858,RAW MATERIALS
acetic_acid,TONNE,82.7397434989923,¢/KG,"terephthalic_acid, from p-xylene by air oxidation",-0.04854384615384615,RAW MATERIALS
acetic_acid,TONNE,82.7397434989923,¢/KG,"terephthalic_acid, from p-xylene by oxygen oxidation",-0.05971,RAW MATERIALS
acetic_anhydride,TONNE,145.1301535981525,¢/KG,"acetic_anhydride, from acetaldehyde oxidation",1.0,PRODUCT
acetic_anhydride,TONNE,145.1301535981525,¢/KG,"acetic_anhydride, from acetic acid via ketene",1.0,PRODUCT
acetic_anhydride,TONNE,145.1301535981525,¢/KG,"acetic_anhydride, from methyl acetate carbonylation",1.0,PRODUCT
acetic_anhydride,TONNE,145.1301535981525,¢/KG,"ca, from cellulose and acetic anhydride",-0.7616202611341957,RAW MATERIALS
acetone,TONNE,107.100566969414,¢/KG,"phenol, from cumene",0.61555,BY-PRODUCT CREDITS
adipic_acid,TONNE,199.849520335296,¢/KG,"adipic_acid, from benzene via cyclohexanol",1.0,PRODUCT
adipic_acid,TONNE,199.849520335296,¢/KG,"adipic_acid, from cyclohexane_1",1.0,PRODUCT
adipic_acid,TONNE,199.849520335296,¢/KG,"adipic_acid, from cyclohexane_2",1.0,PRODUCT
adipic_acid,TONNE,199.849520335296,¢/KG,"adipic_acid, from cyclohexane_3",1.0,PRODUCT
adipic_acid,TONNE,199.849520335296,¢/KG,"adipic_acid, from glucose by fermentation",1.0,PRODUCT
adipic_acid,TONNE,199.849520335296,¢/KG,"adipic_acid, from glucose by heterogeneous catalysis",1.0,PRODUCT
adipic_acid,TONNE,199.849520335296,¢/KG,"adipic_acid, from phenol via cyclohexanol",1.0,PRODUCT
adipic_acid,TONNE,199.849520335296,¢/KG,"pbat, from aliphatic aromatic copolyester process",-0.3838,RAW MATERIALS
adipic_acid,TONNE,199.849520335296,¢/KG,"polyol_polyester, from adipic acid and deg",-0.63879,RAW MATERIALS
ammonia,TONNE,42.5492166016814,¢/KG,"aniline, from phenol",-0.18111,RAW MATERIALS
ammonia,TONNE,42.5492166016814,¢/KG,"phenol, from benzene by direct oxidation with n2o from ammonia",-0.5049,RAW MATERIALS
aniline,TONNE,162.349204936472,¢/KG,"aniline, from nitrobenzene",1.0,PRODUCT
aniline,TONNE,162.349204936472,¢/KG,"aniline, from phenol",1.0,PRODUCT
aniline,TONNE,162.349204936472,¢/KG,"polymeric_mdi, by carbonylation",-0.755,RAW MATERIALS
aniline,TONNE,162.349204936472,¢/KG,"polymeric_mdi, by phosgenation",-0.77569,RAW MATERIALS
bdo_14,TONNE,172.776274874289,¢/KG,"pbat, from aliphatic aromatic copolyester process",-0.4433,RAW MATERIALS
benzene,TONNE,115.948874005543,¢/KG,"adipic_acid, from benzene via cyclohexanol",-0.79017,RAW MATERIALS
benzene,TONNE,115.948874005543,¢/KG,"chlorobenzene, from benzene and chlorine",-0.99867,RAW MATERIALS
benzene,TONNE,115.948874005543,¢/KG,"cumene, from benzene and propylene",-0.66333,RAW MATERIALS
benzene,TONNE,115.948874005543,¢/KG,"cyclohexane, from benzene by hydrogenation",-0.93176,RAW MATERIALS
benzene,TONNE,115.948874005543,¢/KG,"ethylbenzene, from benzene via liquid phase alkylation",-0.74221,RAW MATERIALS
benzene,TONNE,115.948874005543,¢/KG,"nitrobenzene, from benzene by nitration",-0.6405,RAW MATERIALS
benzene,TONNE,115.948874005543,¢/KG,"phenol, from benzene by direct oxidation with hydrogen peroxide",-0.91383,RAW MATERIALS
benzene,TONNE,115.948874005543,¢/KG,"phenol, from benzene by direct oxidation with n2o from adipic acid off-gas",-0.86581,RAW MATERIALS
benzene,TONNE,115.948874005543,¢/KG,"phenol, from benzene by direct oxidation with n2o from ammonia",-0.86433,RAW MATERIALS
benzene,TONNE,115.948874005543,¢/KG,"polybutadiene, by solution process",-0.008012,RAW MATERIALS
benzene,TONNE,115.948874005543,¢/KG,"styrene, from benzene and ethylene",-0.785507174570628,RAW MATERIALS
benzene,TONNE,115.948874005543,¢/KG,"styrene, from ethylbenzene by dehydrogenation",0.0390825,BY-PRODUCT CREDITS
butadiene,TONNE,122.356555512607,¢/KG,"ethylbenzene, from butadiene via 4-vinylcyclohexene",-1.04264,RAW MATERIALS
butadiene,TONNE,122.356555512607,¢/KG,"polybutadiene, by solution process",-1.0208,RAW MATERIALS
butadiene,TONNE,122.356555512607,¢/KG,"styrene, from butadiene",-1.1274899999999999,RAW MATERIALS
butene_1,TONNE,145.1301535981525,¢/KG,"butene_1, from ethylene by dimerization",1.0,PRODUCT
butene_1,TONNE,145.1301535981525,¢/KG,"lldpe, by gas phase process",-0.07343333333333334,RAW MATERIALS
butene_1,TONNE,145.1301535981525,¢/KG,"lldpe, by solution process",-0.0727,RAW MATERIALS
ca,TONNE,-999.0,¢/KG,"ca, from cellulose and acetic anhydride",1.0,PRODUCT
carbon_monoxide,TONNE,17.622234918454936,¢/KG,"acetic_acid, from methanol carbonylation",-0.49118407553888893,RAW MATERIALS
carbon_monoxide,TONNE,17.622234918454936,¢/KG,"acetic_anhydride, from methyl acetate carbonylation",-0.28178058875,RAW MATERIALS
carbon_monoxide,TONNE,17.622234918454936,¢/KG,"polymeric_mdi, by carbonylation",-0.15412887090000002,RAW MATERIALS
carbon_monoxide,TONNE,17.622234918454936,¢/KG,"polymeric_mdi, by phosgenation",-0.23945019725000002,RAW MATERIALS
carbon_monoxide,TONNE,17.622234918454936,¢/KG,"toluene_diisocyanate, from dinitrotoluene by phosgenation",-0.2779824208,RAW MATERIALS
carbon_monoxide,TONNE,17.622234918454936,¢/KG,"toluene_diisocyanate, from toluene via dinitrotoluene by phosgenation",-0.3190605072,RAW MATERIALS
caustic_soda,TONNE,91.4918388067242,¢/KG,"adipic_acid, from cyclohexane_1",-0.024955,RAW MATERIALS
caustic_soda,TONNE,91.4918388067242,¢/KG,"adipic_acid, from cyclohexane_2",-0.0289,RAW MATERIALS
caustic_soda,TONNE,91.4918388067242,¢/KG,"chlorobenzene, from benzene and chlorine",-0.26675,RAW MATERIALS
caustic_soda,TONNE,91.4918388067242,¢/KG,"hydrogen_peroxide, by cathodic reduction of oxygen",-0.8498,RAW MATERIALS
caustic_soda,TONNE,91.4918388067242,¢/KG,"polymeric_mdi, by phosgenation",-0.14743,RAW MATERIALS
caustic_soda,TONNE,91.4918388067242,¢/KG,"propylene_oxide, from ethylbenzene coproducing styrene",-0.0992375,RAW MATERIALS
caustic_soda,TONNE,91.4918388067242,¢/KG,"toluene_diisocyanate, from dinitrotoluene by phosgenation",-0.018085,RAW MATERIALS
caustic_soda,TONNE,91.4918388067242,¢/KG,"toluene_diisocyanate, from toluene via dinitrotoluene by phosgenation",-0.01865,RAW MATERIALS
cellulose,TONNE,88.4053671361359,¢/KG,"ca, from cellulose and acetic anhydride",-0.70107,RAW MATERIALS
chlorine,TONNE,31.4158723613451,¢/KG,"chlorobenzene, from benzene and chlorine",-0.6906012240268525,RAW MATERIALS
chlorine,TONNE,31.4158723613451,¢/KG,"polymeric_mdi, by phosgenation",-0.24373025813705945,RAW MATERIALS
chlorine,TONNE,31.4158723613451,¢/KG,"toluene_diisocyanate, from dinitrotoluene by phosgenation",0.040082368792165535,BY-PRODUCT CREDITS
chlorine,TONNE,31.4158723613451,¢/KG,"toluene_diisocyanate, from toluene via dinitrotoluene by phosgenation",-0.10536259252648894,RAW MATERIALS
chlorine,TONNE,31.4158723613451,¢/KG,"vinyl_chloride, from ethylene by a balanced process",-0.5787,RAW MATERIALS
chlorobenzene,TONNE,135.89,¢/KG,"chlorobenzene, from benzene and chlorine",1.0,PRODUCT
co2_feedstock_fossil,TONNE,-999.0,¢/KG,"ethylene_oxide, from ethylene by oxygen oxidation",0.25154071428571434,BY-PRODUCT CREDITS
cooling_water,TONNE,0.00383049656444084,¢/KG,"acetaldehyde, from ethylene by one-step oxidation",-275.39822,UTILITIES
cooling_water,TONNE,0.00383049656444084,¢/KG,"acetic_acid, from ethanol via acetaldehyde",-251.19656,UTILITIES
cooling_water,TONNE,0.00383049656444084,¢/KG,"acetic_acid, from methanol carbonylation",-92.52653222222222,UTILITIES
cooling_water,TONNE,0.00383049656444084,¢/KG,"acetic_acid, from one-step ethylene oxidation",-244.269875,UTILITIES
cooling_water,TONNE,0.00383049656444084,¢/KG,"acetic_anhydride, from acetaldehyde oxidation",-232.83667,UTILITIES
cooling_water,TONNE,0.00383049656444084,¢/KG,"acetic_anhydride, from acetic acid via ketene",-120.17377,UTILITIES
cooling_water,TONNE,0.00383049656444084,¢/KG,"acetic_anhydride, from methyl acetate carbonylation",-57.66672,UTILITIES
cooling_water,TONNE,0.00383049656444084,¢/KG,"adipic_acid, from benzene via cyclohexanol",-509.15288499999997,UTILITIES
cooling_water,TONNE,0.00383049656444084,¢/KG,"adipic_acid, from cyclohexane_1",-475.14538000000005,UTILITIES
cooling_water,TONNE,0.00383049656444084,¢/KG,"adipic_acid, from cyclohexane_2",-625.90504,UTILITIES
cooling_water,TONNE,0.00383049656444084,¢/KG,"adipic_acid, from cyclohexane_3",-45.59977,UTILITIES
cooling_water,TONNE,0.00383049656444084,¢/KG,"adipic_acid, from glucose by fermentation",-38.49975,UTILITIES
cooling_water,TONNE,0.00383049656444084,¢/KG,"adipic_acid, from glucose by heterogeneous catalysis",-40.49973,UTILITIES
cooling_water,TONNE,0.00383049656444084,¢/KG,"adipic_acid, from phenol via cyclohexanol",-297.9308,UTILITIES
cooling_water,TONNE,0.00383049656444084,¢/KG,"aniline, from nitrobenzene",-70.9359,UTILITIES
cooling_water,TONNE,0.00383049656444084,¢/KG,"aniline, from phenol",-70.9359,UTILITIES
cooling_water,TONNE,0.00383049656444084,¢/KG,"butene_1, from ethylene by dimerization",-118.50469,UTILITIES
cooling_water,TONNE,0.00383049656444084,¢/KG,"ca, from cellulose and acetic anhydride",-1180.5152269171192,UTILITIES
cooling_water,TONNE,0.00383049656444084,¢/KG,"chlorobenzene, from benzene and chlorine",-189.12414480237723,UTILITIES
cooling_water,TONNE,0.00383049656444084,¢/KG,"cumene, from benzene and propylene",-4.1727,UTILITIES
cooling_water,TONNE,0.00383049656444084,¢/KG,"cyclohexane, from benzene by hydrogenation",-16.73929,UTILITIES
cooling_water,TONNE,0.00383049656444084,¢/KG,"dimethyl_terephthalate, from p-xylene by oxidation and esterification",-122.05148,UTILITIES
cooling_water,TONNE,0.00383049656444084,¢/KG,"dinitrotoluene, from toluene by nitration",-24.28512,UTILITIES
cooling_water,TONNE,0.00383049656444084,¢/KG,"ethylbenzene, from benzene via liquid phase alkylation",-4.200516666666666,UTILITIES
cooling_water,TONNE,0.00383049656444084,¢/KG,"ethylbenzene, from butadiene via 4-vinylcyclohexene",-82.61947,UTILITIES
cooling_water,TONNE,0.00383049656444084,¢/KG,"ethylene, from ethanol dehydration",-32.58879,UTILITIES
cooling_water,TONNE,0.00383049656444084,¢/KG,"ethylene_glycol, from ethylene via eo",-244.52024,UTILITIES
cooling_water,TONNE,0.00383049656444084,¢/KG,"ethylene_oxide, from ethylene by oxygen oxidation",-191.52694,UTILITIES
cooling_water,TONNE,0.00383049656444084,¢/KG,"formaldehyde, from methanol",-104.56787142857142,UTILITIES
cooling_water,TONNE,0.00383049656444084,¢/KG,"gpps, by continuous bulk polymerization",-20.27098,UTILITIES
cooling_water,TONNE,0.00383049656444084,¢/KG,"hdpe, by gas phase process",-83.345515,UTILITIES
cooling_water,TONNE,0.00383049656444084,¢/KG,"hdpe, by slurry process",-76.843405,UTILITIES
cooling_water,TONNE,0.00383049656444084,¢/KG,"hdpe, by solution process",-59.719685,UTILITIES
cooling_water,TONNE,0.00383049656444084,¢/KG,"hips, by continuous bulk polymerization",-17.133110000000002,UTILITIES
cooling_water,TONNE,0.00383049656444084,¢/KG,"hydrogen_peroxide, by anthraquinone process",-260.3765,UTILITIES
cooling_water,TONNE,0.00383049656444084,¢/KG,"hydrogen_peroxide, by cathodic reduction of oxygen",-177.50667,UTILITIES
cooling_water,TONNE,0.00383049656444084,¢/KG,"ldpe, by autoclave process",-128.1019,UTILITIES
cooling_water,TONNE,0.00383049656444084,¢/KG,"ldpe, by tubular process",-87.65452666666665,UTILITIES
cooling_water,TONNE,0.00383049656444084,¢/KG,"lldpe, by gas phase process",-71.77044333333333,UTILITIES
cooling_water,TONNE,0.00383049656444084,¢/KG,"lldpe, by solution process",-61.75596,UTILITIES
cooling_water,TONNE,0.00383049656444084,¢/KG,"nitrobenzene, from benzene by nitration",-56.74872,UTILITIES
cooling_water,TONNE,0.00383049656444084,¢/KG,"pbat, from aliphatic aromatic copolyester process",-41.727,UTILITIES
cooling_water,TONNE,0.00383049656444084,¢/KG,"pef, from fdca",-105.00016,UTILITIES
cooling_water,TONNE,0.00383049656444084,¢/KG,"pet, by dmt process",-76.0266,UTILITIES
cooling_water,TONNE,0.00383049656444084,¢/KG,"pet, by tpa process",-26.08355,UTILITIES
cooling_water,TONNE,0.00383049656444084,¢/KG,"phenol, from benzene by direct oxidation with hydrogen peroxide",-429.78813,UTILITIES
cooling_water,TONNE,0.00383049656444084,¢/KG,"phenol, from benzene by direct oxidation with n2o from adipic acid off-gas",-176.28073,UTILITIES
cooling_water,TONNE,0.00383049656444084,¢/KG,"phenol, from benzene by direct oxidation with n2o from ammonia",-237.84391,UTILITIES
cooling_water,TONNE,0.00383049656444084,¢/KG,"phenol, from cumene",-326.51379499999996,UTILITIES
cooling_water,TONNE,0.00383049656444084,¢/KG,"pla, by ring-opening polymerization",-122.25887,UTILITIES
cooling_water,TONNE,0.00383049656444084,¢/KG,"polybutadiene, by solution process",-199.20137000000003,UTILITIES
cooling_water,TONNE,0.00383049656444084,¢/KG,"polymeric_mdi, by carbonylation",-934.68486,UTILITIES
cooling_water,TONNE,0.00383049656444084,¢/KG,"polymeric_mdi, by phosgenation",-208.73467453198927,UTILITIES
cooling_water,TONNE,0.00383049656444084,¢/KG,"polyol_polyether, from po and eo by semi-continuous process",-19.11097,UTILITIES
cooling_water,TONNE,0.00383049656444084,¢/KG,"pp, by gas phase process",-83.22450666666668,UTILITIES
cooling_water,TONNE,0.00383049656444084,¢/KG,"pp, by slurry process",-66.896734,UTILITIES
cooling_water,TONNE,0.00383049656444084,¢/KG,"propylene, from ethylene by dimerization and oct",-64.25958,UTILITIES
cooling_water,TONNE,0.00383049656444084,¢/KG,"propylene_oxide, by the cumene-po route",-516.32993,UTILITIES
cooling_water,TONNE,0.00383049656444084,¢/KG,"propylene_oxide, by the hppo process",-402.68004,UTILITIES
cooling_water,TONNE,0.00383049656444084,¢/KG,"propylene_oxide, from ethylbenzene coproducing styrene",-202.79323,UTILITIES
cooling_water,TONNE,0.00383049656444084,¢/KG,"pur_flexible, from toluene diisocyanate and polyol",-1.460445,UTILITIES
cooling_water,TONNE,0.00383049656444084,¢/KG,"pvc, by emulsion polymerization",-39.22338,UTILITIES
cooling_water,TONNE,0.00383049656444084,¢/KG,"pvc, by suspension polymerization",-34.299596666666666,UTILITIES
cooling_water,TONNE,0.00383049656444084,¢/KG,"styrene, from benzene and ethylene",-105.01295666666665,UTILITIES
cooling_water,TONNE,0.00383049656444084,¢/KG,"styrene, from butadiene",-78.11295,UTILITIES
cooling_water,TONNE,0.00383049656444084,¢/KG,"styrene, from ethylbenzene by dehydrogenation",-192.57011500000002,UTILITIES
cooling_water,TONNE,0.00383049656444084,¢/KG,"styrene, from toluene and methanol",-774.45317,UTILITIES
cooling_water,TONNE,0.00383049656444084,¢/KG,"terephthalic_acid, from p-xylene by air oxidation",-208.7097607692308,UTILITIES
cooling_water,TONNE,0.00383049656444084,¢/KG,"terephthalic_acid, from p-xylene by oxygen oxidation",-308.77982,UTILITIES
cooling_water,TONNE,0.00383049656444084,¢/KG,"toluene_diisocyanate, from dinitrotoluene by phosgenation",-552.040896637574,UTILITIES
cooling_water,TONNE,0.00383049656444084,¢/KG,"toluene_diisocyanate, from toluene via dinitrotoluene by phosgenation",-1191.3954533735393,UTILITIES
cooling_water,TONNE,0.00383049656444084,¢/KG,"vinyl_chloride, from ethylene by a balanced process",-143.12362,UTILITIES
cumene,TONNE,104.38944057226999,¢/KG,"cumene, from benzene and propylene",1.0,PRODUCT
cumene,TONNE,104.38944057226999,¢/KG,"phenol, from cumene",-1.338875,RAW MATERIALS
cumene,TONNE,104.38944057226999,¢/KG,"propylene_oxide, by the cumene-po route",-0.12044,RAW MATERIALS
cyclohexane,TONNE,119.832864918272,¢/KG,"adipic_acid, from benzene via cyclohexanol",0.17704,BY-PRODUCT CREDITS
cyclohexane,TONNE,119.832864918272,¢/KG,"adipic_acid, from cyclohexane_1",-0.730105,RAW MATERIALS
cyclohexane,TONNE,119.832864918272,¢/KG,"adipic_acid, from cyclohexane_2",-0.70757,RAW MATERIALS
cyclohexane,TONNE,119.832864918272,¢/KG,"adipic_acid, from cyclohexane_3",-0.70032,RAW MATERIALS
cyclohexane,TONNE,119.832864918272,¢/KG,"cyclohexane, from benzene by hydrogenation",1.0,PRODUCT
dibasic_acids_mixed,TONNE,42.0862458510931,¢/KG,"adipic_acid, from benzene via cyclohexanol",0.05837,BY-PRODUCT CREDITS
dibasic_acids_mixed,TONNE,42.0862458510931,¢/KG,"adipic_acid, from cyclohexane_1",0.13546,BY-PRODUCT CREDITS
dibasic_acids_mixed,TONNE,42.0862458510931,¢/KG,"adipic_acid, from cyclohexane_2",0.2327,BY-PRODUCT CREDITS
dibasic_acids_mixed,TONNE,42.0862458510931,¢/KG,"adipic_acid, from phenol via cyclohexanol",0.145,BY-PRODUCT CREDITS
diethylene_glycol,TONNE,113.405787667901,¢/KG,"ethylene_glycol, from ethylene via eo",0.037696150855365484,BY-PRODUCT CREDITS
diethylene_glycol,TONNE,113.405787667901,¢/KG,"polyol_polyester, from adipic acid and deg",-0.5001,RAW MATERIALS
dimethyl_terephthalate,TONNE,129.809089987228,¢/KG,"dimethyl_terephthalate, from p-xylene by oxidation and esterification",1.0,PRODUCT
dimethyl_terephthalate,TONNE,129.809089987228,¢/KG,"pet, by dmt process",-1.01114,RAW MATERIALS
dinitrotoluene,TONNE,98.76854672941255,¢/KG,"dinitrotoluene, from toluene by nitration",1.0,PRODUCT
dinitrotoluene,TONNE,98.76854672941255,¢/KG,"toluene_diisocyanate, from dinitrotoluene by phosgenation",-1.2756,RAW MATERIALS
electricity,MWh,4.62,¢/KWH,"acetaldehyde, from ethylene by one-step oxidation",-0.11133343999999999,UTILITIES
electricity,MWh,4.62,¢/KWH,"acetic_acid, from ethanol via acetaldehyde",-0.23284563,UTILITIES
electricity,MWh,4.62,¢/KWH,"acetic_acid, from methanol carbonylation",-0.09311591222222221,UTILITIES
electricity,MWh,4.62,¢/KWH,"acetic_acid, from one-step ethylene oxidation",-0.412242385,UTILITIES
electricity,MWh,4.62,¢/KWH,"acetic_anhydride, from acetaldehyde oxidation",-0.9942848,UTILITIES
electricity,MWh,4.62,¢/KWH,"acetic_anhydride, from acetic acid via ketene",-0.41005981,UTILITIES
electricity,MWh,4.62,¢/KWH,"acetic_anhydride, from methyl acetate carbonylation",-0.0881849,UTILITIES
electricity,MWh,4.62,¢/KWH,"adipic_acid, from benzene via cyclohexanol",-0.44228698,UTILITIES
electricity,MWh,4.62,¢/KWH,"adipic_acid, from cyclohexane_1",-0.128031255,UTILITIES
electricity,MWh,4.62,¢/KWH,"adipic_acid, from cyclohexane_2",-0.1018227,UTILITIES
electricity,MWh,4.62,¢/KWH,"adipic_acid, from cyclohexane_3",-0.46389669,UTILITIES
electricity,MWh,4.62,¢/KWH,"adipic_acid, from glucose by fermentation",-0.29641151000000004,UTILITIES
electricity,MWh,4.62,¢/KWH,"adipic_acid, from glucose by heterogeneous catalysis",-0.44650222,UTILITIES
electricity,MWh,4.62,¢/KWH,"adipic_acid, from phenol via cyclohexanol",-0.07716179,UTILITIES
electricity,MWh,4.62,¢/KWH,"aniline, from nitrobenzene",-0.039683210000000003,UTILITIES
electricity,MWh,4.62,¢/KWH,"aniline, from phenol",-0.039683210000000003,UTILITIES
electricity,MWh,4.62,¢/KWH,"butene_1, from ethylene by dimerization",-0.13897721000000002,UTILITIES
electricity,MWh,4.62,¢/KWH,"ca, from cellulose and acetic anhydride",-1.4649484357451612,UTILITIES
electricity,MWh,4.62,¢/KWH,"chlorobenzene, from benzene and chlorine",-0.5537283414786799,UTILITIES
electricity,MWh,4.62,¢/KWH,"cumene, from benzene and propylene",-0.034722804999999995,UTILITIES
electricity,MWh,4.62,¢/KWH,"cyclohexane, from benzene by hydrogenation",-0.0681874,UTILITIES
electricity,MWh,4.62,¢/KWH,"dimethyl_terephthalate, from p-xylene by oxidation and esterification",-0.330528045,UTILITIES
electricity,MWh,4.62,¢/KWH,"dinitrotoluene, from toluene by nitration",-0.0485017,UTILITIES
electricity,MWh,4.62,¢/KWH,"ethylbenzene, from benzene via liquid phase alkylation",-0.04671595666666667,UTILITIES
electricity,MWh,4.62,¢/KWH,"ethylbenzene, from butadiene via 4-vinylcyclohexene",-0.09786320000000001,UTILITIES
electricity,MWh,4.62,¢/KWH,"ethylene, from ethanol dehydration",-0.173773865,UTILITIES
electricity,MWh,4.62,¢/KWH,"ethylene_glycol, from ethylene via eo",-1.04000868,UTILITIES
electricity,MWh,4.62,¢/KWH,"ethylene_oxide, from ethylene by oxygen oxidation",-0.47096250500000003,UTILITIES
electricity,MWh,4.62,¢/KWH,"formaldehyde, from methanol",-0.1391242842857143,UTILITIES
electricity,MWh,4.62,¢/KWH,"gpps, by continuous bulk polymerization",-0.078705025,UTILITIES
electricity,MWh,4.62,¢/KWH,"hdpe, by gas phase process",-0.3662815125,UTILITIES
electricity,MWh,4.62,¢/KWH,"hdpe, by slurry process",-0.49537043625,UTILITIES
electricity,MWh,4.62,¢/KWH,"hdpe, by solution process",-0.24160459,UTILITIES
electricity,MWh,4.62,¢/KWH,"hips, by continuous bulk polymerization",-0.095195605,UTILITIES
electricity,MWh,4.62,¢/KWH,"hydrogen_peroxide, by anthraquinone process",-0.71209311,UTILITIES
electricity,MWh,4.62,¢/KWH,"hydrogen_peroxide, by cathodic reduction of oxygen",-3.41936969,UTILITIES
electricity,MWh,4.62,¢/KWH,"ldpe, by autoclave process",-0.9689316450000001,UTILITIES
electricity,MWh,4.62,¢/KWH,"ldpe, by tubular process",-0.8561284533333334,UTILITIES
electricity,MWh,4.62,¢/KWH,"lldpe, by gas phase process",-0.29322950666666664,UTILITIES
electricity,MWh,4.62,¢/KWH,"lldpe, by solution process",-0.16093745,UTILITIES
electricity,MWh,4.62,¢/KWH,"nitrobenzene, from benzene by nitration",-0.036376275,UTILITIES
electricity,MWh,4.62,¢/KWH,"pbat, from aliphatic aromatic copolyester process",-0.19841604000000002,UTILITIES
electricity,MWh,4.62,¢/KWH,"pef, from fdca",-0.28600569000000003,UTILITIES
electricity,MWh,4.62,¢/KWH,"pet, by dmt process",-0.09135956,UTILITIES
electricity,MWh,4.62,¢/KWH,"pet, by tpa process",-0.05379169,UTILITIES
electricity,MWh,4.62,¢/KWH,"phenol, from benzene by direct oxidation with hydrogen peroxide",-0.10802651,UTILITIES
electricity,MWh,4.62,¢/KWH,"phenol, from benzene by direct oxidation with n2o from adipic acid off-gas",-0.511781095,UTILITIES
electricity,MWh,4.62,¢/KWH,"phenol, from benzene by direct oxidation with n2o from ammonia",-0.68810681,UTILITIES
electricity,MWh,4.62,¢/KWH,"phenol, from cumene",-0.184194015,UTILITIES
electricity,MWh,4.62,¢/KWH,"pla, by ring-opening polymerization",-0.13501109,UTILITIES
electricity,MWh,4.62,¢/KWH,"polybutadiene, by solution process",-0.5606752179999999,UTILITIES
electricity,MWh,4.62,¢/KWH,"polymeric_mdi, by carbonylation",-0.29321481,UTILITIES
electricity,MWh,4.62,¢/KWH,"polymeric_mdi, by phosgenation",-0.8665055249957374,UTILITIES
electricity,MWh,4.62,¢/KWH,"polyol_polyester, from adipic acid and deg",-0.61224575,UTILITIES
electricity,MWh,4.62,¢/KWH,"polyol_polyether, from po and eo by semi-continuous process",-0.055115569999999996,UTILITIES
electricity,MWh,4.62,¢/KWH,"pp, by gas phase process",-0.3029077983333333,UTILITIES
electricity,MWh,4.62,¢/KWH,"pp, by slurry process",-0.433530218,UTILITIES
electricity,MWh,4.62,¢/KWH,"propylene, from ethylene by dimerization and oct",-0.46438170999999995,UTILITIES
electricity,MWh,4.62,¢/KWH,"propylene_oxide, by the cumene-po route",-0.79357596,UTILITIES
electricity,MWh,4.62,¢/KWH,"propylene_oxide, by the hppo process",-0.9602292599999999,UTILITIES
electricity,MWh,4.62,¢/KWH,"propylene_oxide, from ethylbenzene coproducing styrene",-0.43611073,UTILITIES
electricity,MWh,4.62,¢/KWH,"pur_flexible, from toluene diisocyanate and polyol",-0.13437175,UTILITIES
electricity,MWh,4.62,¢/KWH,"pur_rigid, from polymeric MDI and polyol",-1.2478163999999998,UTILITIES
electricity,MWh,4.62,¢/KWH,"pvc, by emulsion polymerization",-0.45194764,UTILITIES
electricity,MWh,4.62,¢/KWH,"pvc, by suspension polymerization",-0.3264825666666667,UTILITIES
electricity,MWh,4.62,¢/KWH,"styrene, from benzene and ethylene",-0.07264966333333334,UTILITIES
electricity,MWh,4.62,¢/KWH,"styrene, from butadiene",-0.055358069999999995,UTILITIES
electricity,MWh,4.62,¢/KWH,"styrene, from ethylbenzene by dehydrogenation",-0.06123890500000001,UTILITIES
electricity,MWh,4.62,¢/KWH,"styrene, from toluene and methanol",-0.70080544,UTILITIES
electricity,MWh,4.62,¢/KWH,"terephthalic_acid, from p-xylene by air oxidation",-0.2213915961538462,UTILITIES
electricity,MWh,4.62,¢/KWH,"terephthalic_acid, from p-xylene by oxygen oxidation",-0.08157104,UTILITIES
electricity,MWh,4.62,¢/KWH,"toluene_diisocyanate, from dinitrotoluene by phosgenation",-1.920806732233336,UTILITIES
electricity,MWh,4.62,¢/KWH,"toluene_diisocyanate, from toluene via dinitrotoluene by phosgenation",-1.4858075710667151,UTILITIES
electricity,MWh,4.62,¢/KWH,"vinyl_chloride, from ethylene by a balanced process",-0.06948971,UTILITIES
ethanol,TONNE,72.75169177950144,¢/KG,"acetic_acid, from ethanol via acetaldehyde",-0.83627,RAW MATERIALS
ethanol,TONNE,72.75169177950144,¢/KG,"ethylene, from ethanol dehydration",-1.6719650000000001,RAW MATERIALS
ethanol,TONNE,72.75169177950144,¢/KG,"polymeric_mdi, by carbonylation",-0.0268,RAW MATERIALS
ethylbenzene,TONNE,78.57183349512694,¢/KG,"ethylbenzene, from benzene via liquid phase alkylation",1.0,PRODUCT
ethylbenzene,TONNE,78.57183349512694,¢/KG,"ethylbenzene, from butadiene via 4-vinylcyclohexene",1.0,PRODUCT
ethylbenzene,TONNE,78.57183349512694,¢/KG,"propylene_oxide, from ethylbenzene coproducing styrene",-2.5647900000000003,RAW MATERIALS
ethylbenzene,TONNE,78.57183349512694,¢/KG,"styrene, from ethylbenzene by dehydrogenation",-1.0605000000000002,RAW MATERIALS
ethylbenzene,TONNE,78.57183349512694,¢/KG,"styrene, from toluene and methanol",0.1905,BY-PRODUCT CREDITS
ethylene,TONNE,90.72011044453855,¢/KG,"acetaldehyde, from ethylene by one-step oxidation",-0.68,RAW MATERIALS
ethylene,TONNE,90.72011044453855,¢/KG,"acetic_acid, from one-step ethylene oxidation",-0.61299,RAW MATERIALS
ethylene,TONNE,90.72011044453855,¢/KG,"butene_1, from ethylene by dimerization",-1.05515,RAW MATERIALS
ethylene,TONNE,90.72011044453855,¢/KG,"ethylbenzene, from benzene via liquid phase alkylation",-0.26653,RAW MATERIALS
ethylene,TONNE,90.72011044453855,¢/KG,"ethylene, from ethanol dehydration",1.0,PRODUCT
ethylene,TONNE,90.72011044453855,¢/KG,"ethylene_glycol, from ethylene via eo",-0.59847,RAW MATERIALS
ethylene,TONNE,90.72011044453855,¢/KG,"ethylene_oxide, from ethylene by oxygen oxidation",-0.796435,RAW MATERIALS
ethylene,TONNE,90.72011044453855,¢/KG,"hdpe, by gas phase process",-1.00505,RAW MATERIALS
ethylene,TONNE,90.72011044453855,¢/KG,"hdpe, by slurry process",-1.023925,RAW MATERIALS
ethylene,TONNE,90.72011044453855,¢/KG,"hdpe, by solution process",-1.0175,RAW MATERIALS
ethylene,TONNE,90.72011044453855,¢/KG,"ldpe, by autoclave process",-1.0223938005106514,RAW MATERIALS
ethylene,TONNE,90.72011044453855,¢/KG,"ldpe, by tubular process",-1.0165625336737676,RAW MATERIALS
ethylene,TONNE,90.72011044453855,¢/KG,"lldpe, by gas phase process",-0.9673599999999999,RAW MATERIALS
ethylene,TONNE,90.72011044453855,¢/KG,"lldpe, by solution process",-0.9513,RAW MATERIALS
ethylene,TONNE,90.72011044453855,¢/KG,"propylene, from ethylene by dimerization and oct",-1.0995,RAW MATERIALS
ethylene,TONNE,90.72011044453855,¢/KG,"styrene, from benzene and ethylene",-0.28492999999999996,RAW MATERIALS
ethylene,TONNE,90.72011044453855,¢/KG,"vinyl_chloride, from ethylene by a balanced process",-0.4674,RAW MATERIALS
ethylene_glycol,TONNE,80.62152464050484,¢/KG,"ethylene_glycol, from ethylene via eo",1.0,PRODUCT
ethylene_glycol,TONNE,80.62152464050484,¢/KG,"pef, from fdca",-0.3517,RAW MATERIALS
ethylene_glycol,TONNE,80.62152464050484,¢/KG,"pet, by dmt process",-0.33225,RAW MATERIALS
ethylene_glycol,TONNE,80.62152464050484,¢/KG,"pet, by tpa process",-0.328665,RAW MATERIALS
ethylene_oxide,TONNE,124.7808201983205,¢/KG,"ethylene_oxide, from ethylene by oxygen oxidation",1.0,PRODUCT
ethylene_oxide,TONNE,124.7808201983205,¢/KG,"polyol_polyether, from po and eo by semi-continuous process",-0.1007,RAW MATERIALS
fdca,TONNE,171.519639979835,¢/KG,"pef, from fdca",-0.8850456521739131,RAW MATERIALS
formaldehyde,TONNE,65.61,¢/KG,"formaldehyde, from methanol",1.0,PRODUCT
formaldehyde,TONNE,65.61,¢/KG,"polymeric_mdi, by carbonylation",-0.044215,RAW MATERIALS
formaldehyde,TONNE,65.61,¢/KG,"polymeric_mdi, by phosgenation",-0.0593739,RAW MATERIALS
glucose,TONNE,102.272443427565,¢/KG,"adipic_acid, from glucose by fermentation",-2.466,RAW MATERIALS
glucose,TONNE,102.272443427565,¢/KG,"adipic_acid, from glucose by heterogeneous catalysis",-1.8221,RAW MATERIALS
glycerin,TONNE,75.0012615952954,¢/KG,"polyol_polyether, from po and eo by semi-continuous process",-0.031,RAW MATERIALS
gpps,TONNE,335.54,¢/KG,"gpps, by continuous bulk polymerization",1.0,PRODUCT
hdpe,TONNE,210.17,¢/KG,"hdpe, by gas phase process",1.0,PRODUCT
hdpe,TONNE,210.17,¢/KG,"hdpe, by slurry process",1.0,PRODUCT
hdpe,TONNE,210.17,¢/KG,"hdpe, by solution process",1.0,PRODUCT
heat_high,GJ,0.7776495827894566,¢/MJ,"acetic_anhydride, from acetaldehyde oxidation",1.22472,BY-PRODUCT CREDITS
heat_high,GJ,0.7776495827894566,¢/MJ,"acetic_anhydride, from acetic acid via ketene",-3.8769768080640006,UTILITIES
heat_high,GJ,0.7776495827894566,¢/MJ,"adipic_acid, from benzene via cyclohexanol",-0.04186801188000001,UTILITIES
heat_high,GJ,0.7776495827894566,¢/MJ,"adipic_acid, from cyclohexane_3",-0.470024940888,UTILITIES
heat_high,GJ,0.7776495827894566,¢/MJ,"adipic_acid, from glucose by fermentation",-2.421340522416,UTILITIES
heat_high,GJ,0.7776495827894566,¢/MJ,"adipic_acid, from glucose by heterogeneous catalysis",-0.30860221680000005,UTILITIES
heat_high,GJ,0.7776495827894566,¢/MJ,"aniline, from phenol",-1.567956602448,UTILITIES
heat_high,GJ,0.7776495827894566,¢/MJ,"ca, from cellulose and acetic anhydride",-2.8153820060686954,UTILITIES
heat_high,GJ,0.7776495827894566,¢/MJ,"cumene, from benzene and propylene",-1.4674733927640002,UTILITIES
heat_high,GJ,0.7776495827894566,¢/MJ,"cyclohexane, from benzene by hydrogenation",3.4959731741280002,BY-PRODUCT CREDITS
heat_high,GJ,0.7776495827894566,¢/MJ,"dimethyl_terephthalate, from p-xylene by oxidation and esterification",-4.4966231956080005,UTILITIES
heat_high,GJ,0.7776495827894566,¢/MJ,"dinitrotoluene, from toluene by nitration",-4.186799983008,UTILITIES
heat_high,GJ,0.7776495827894566,¢/MJ,"ethylbenzene, from benzene via liquid phase alkylation",-2.323673987808,UTILITIES
heat_high,GJ,0.7776495827894566,¢/MJ,"ethylbenzene, from butadiene via 4-vinylcyclohexene",-3.301291804752,UTILITIES
heat_high,GJ,0.7776495827894566,¢/MJ,"ethylene, from ethanol dehydration",-1.608777909324,UTILITIES
heat_high,GJ,0.7776495827894566,¢/MJ,"formaldehyde, from methanol",-0.48566880332228574,UTILITIES
heat_high,GJ,0.7776495827894566,¢/MJ,"gpps, by continuous bulk polymerization",-0.511836299316,UTILITIES
heat_high,GJ,0.7776495827894566,¢/MJ,"hdpe, by slurry process",-0.340570028529,UTILITIES
heat_high,GJ,0.7776495827894566,¢/MJ,"hdpe, by solution process",-0.5683580871120001,UTILITIES
heat_high,GJ,0.7776495827894566,¢/MJ,"hips, by continuous bulk polymerization",-0.511836299316,UTILITIES
heat_high,GJ,0.7776495827894566,¢/MJ,"lldpe, by solution process",0.161191817496,BY-PRODUCT CREDITS
heat_high,GJ,0.7776495827894566,¢/MJ,"nitrobenzene, from benzene by nitration",-1.265460306048,UTILITIES
heat_high,GJ,0.7776495827894566,¢/MJ,"pbat, from aliphatic aromatic copolyester process",-1.396297810224,UTILITIES
heat_high,GJ,0.7776495827894566,¢/MJ,"pef, from fdca",-24.120154809504,UTILITIES
heat_high,GJ,0.7776495827894566,¢/MJ,"pet, by dmt process",-4.044448817928,UTILITIES
heat_high,GJ,0.7776495827894566,¢/MJ,"pet, by tpa process",-2.1415481957519997,UTILITIES
heat_high,GJ,0.7776495827894566,¢/MJ,"phenol, from benzene by direct oxidation with n2o from adipic acid off-gas",-2.553948009216,UTILITIES
heat_high,GJ,0.7776495827894566,¢/MJ,"phenol, from benzene by direct oxidation with n2o from ammonia",-2.553948009216,UTILITIES
heat_high,GJ,0.7776495827894566,¢/MJ,"phenol, from cumene",3.1960984413780005,BY-PRODUCT CREDITS
heat_high,GJ,0.7776495827894566,¢/MJ,"pla, by ring-opening polymerization",-1.3674866586120002,UTILITIES
heat_high,GJ,0.7776495827894566,¢/MJ,"polymeric_mdi, by carbonylation",-22.116770996472003,UTILITIES
heat_high,GJ,0.7776495827894566,¢/MJ,"polymeric_mdi, by phosgenation",-0.824799589272,UTILITIES
heat_high,GJ,0.7776495827894566,¢/MJ,"propylene, from ethylene by dimerization and oct",0.24188849413199964,BY-PRODUCT CREDITS
heat_high,GJ,0.7776495827894566,¢/MJ,"propylene_oxide, by the cumene-po route",0.677842907112,BY-PRODUCT CREDITS
heat_high,GJ,0.7776495827894566,¢/MJ,"propylene_oxide, by the hppo process",0.5589378111119999,BY-PRODUCT CREDITS
heat_high,GJ,0.7776495827894566,¢/MJ,"propylene_oxide, from ethylbenzene coproducing styrene",-3.2363963957519997,UTILITIES
heat_high,GJ,0.7776495827894566,¢/MJ,"styrene, from benzene and ethylene",-2.3395140595200004,UTILITIES
heat_high,GJ,0.7776495827894566,¢/MJ,"styrene, from butadiene",-0.12351058797600001,UTILITIES
heat_high,GJ,0.7776495827894566,¢/MJ,"styrene, from ethylbenzene by dehydrogenation",1.6940838587940004,BY-PRODUCT CREDITS
heat_high,GJ,0.7776495827894566,¢/MJ,"styrene, from toluene and methanol",6.070859990424,BY-PRODUCT CREDITS
heat_high,GJ,0.7776495827894566,¢/MJ,"terephthalic_acid, from p-xylene by air oxidation",-0.7163421552996925,UTILITIES
heat_high,GJ,0.7776495827894566,¢/MJ,"terephthalic_acid, from p-xylene by oxygen oxidation",-1.429792182072,UTILITIES
heat_high,GJ,0.7776495827894566,¢/MJ,"toluene_diisocyanate, from dinitrotoluene by phosgenation",-16.378761615768,UTILITIES
heat_high,GJ,0.7776495827894566,¢/MJ,"vinyl_chloride, from ethylene by a balanced process",-2.6586179824320006,UTILITIES
hips,TONNE,322.54,¢/KG,"hips, by continuous bulk polymerization",1.0,PRODUCT
hydrogen,TONNE,89.1393375522388,¢/KG,"acetic_anhydride, from methyl acetate carbonylation",-0.001064578075,RAW MATERIALS
hydrogen,TONNE,89.1393375522388,¢/KG,"adipic_acid, from benzene via cyclohexanol",-0.03930400941875,RAW MATERIALS
hydrogen,TONNE,89.1393375522388,¢/KG,"adipic_acid, from glucose by heterogeneous catalysis",-0.0005267983875000001,RAW MATERIALS
hydrogen,TONNE,89.1393375522388,¢/KG,"adipic_acid, from phenol via cyclohexanol",-0.040462075525,RAW MATERIALS
hydrogen,TONNE,89.1393375522388,¢/KG,"aniline, from nitrobenzene",-0.07299496905000001,RAW MATERIALS
hydrogen,TONNE,89.1393375522388,¢/KG,"chlorobenzene, from benzene and chlorine",0.004297482512572403,BY-PRODUCT CREDITS
hydrogen,TONNE,89.1393375522388,¢/KG,"cyclohexane, from benzene by hydrogenation",-0.06793691460000001,RAW MATERIALS
hydrogen,TONNE,89.1393375522388,¢/KG,"ethylbenzene, from butadiene via 4-vinylcyclohexene",0.02029396565233125,BY-PRODUCT CREDITS
hydrogen,TONNE,89.1393375522388,¢/KG,"hydrogen_peroxide, by anthraquinone process",-0.0627458961375,RAW MATERIALS
hydrogen,TONNE,89.1393375522388,¢/KG,"phenol, from benzene by direct oxidation with n2o from adipic acid off-gas",-0.00507012575625,RAW MATERIALS
hydrogen,TONNE,89.1393375522388,¢/KG,"phenol, from benzene by direct oxidation with n2o from ammonia",-0.0148393919875,RAW MATERIALS
hydrogen,TONNE,89.1393375522388,¢/KG,"phenol, from cumene",-0.000261173328125,RAW MATERIALS
hydrogen,TONNE,89.1393375522388,¢/KG,"polymeric_mdi, by phosgenation",0.004803332871416591,BY-PRODUCT CREDITS
hydrogen,TONNE,89.1393375522388,¢/KG,"propylene_oxide, by the hppo process",-0.0455486895625,RAW MATERIALS
hydrogen,TONNE,89.1393375522388,¢/KG,"styrene, from butadiene",-7.320587500000001e-06,RAW MATERIALS
hydrogen,TONNE,89.1393375522388,¢/KG,"terephthalic_acid, from p-xylene by air oxidation",-0.0016906177,RAW MATERIALS
hydrogen,TONNE,89.1393375522388,¢/KG,"toluene_diisocyanate, from dinitrotoluene by phosgenation",-0.07511946881770937,RAW MATERIALS
hydrogen,TONNE,89.1393375522388,¢/KG,"toluene_diisocyanate, from toluene via dinitrotoluene by phosgenation",-0.06709516058142664,RAW MATERIALS
hydrogen_peroxide,TONNE,153.220636109245,¢/KG,"hydrogen_peroxide, by anthraquinone process",1.0,PRODUCT
hydrogen_peroxide,TONNE,153.220636109245,¢/KG,"hydrogen_peroxide, by cathodic reduction of oxygen",1.0,PRODUCT
hydrogen_peroxide,TONNE,153.220636109245,¢/KG,"phenol, from benzene by direct oxidation with hydrogen peroxide",-0.4855,RAW MATERIALS
hydrogenp,TONNE,83.5772435942871,¢/KG,"propylene_oxide, by the cumene-po route",-0.03798,RAW MATERIALS
inert_gas,TONNE,7.881945072618026,¢/KG,"acetaldehyde, from ethylene by one-step oxidation",-0.00894497485,UTILITIES
inert_gas,TONNE,7.881945072618026,¢/KG,"acetic_acid, from methanol carbonylation",-0.001529056027777778,UTILITIES
inert_gas,TONNE,7.881945072618026,¢/KG,"acetic_anhydride, from acetic acid via ketene",-0.00688075795,UTILITIES
inert_gas,TONNE,7.881945072618026,¢/KG,"adipic_acid, from benzene via cyclohexanol",-0.0079816713,UTILITIES
inert_gas,TONNE,7.881945072618026,¢/KG,"adipic_acid, from cyclohexane_1",-0.01500003905,UTILITIES
inert_gas,TONNE,7.881945072618026,¢/KG,"ca, from cellulose and acetic anhydride",-0.0049966670113298075,UTILITIES
inert_gas,TONNE,7.881945072618026,¢/KG,"chlorobenzene, from benzene and chlorine",-0.004725683714999268,UTILITIES
inert_gas,TONNE,7.881945072618026,¢/KG,"ethylbenzene, from butadiene via 4-vinylcyclohexene",-0.0034403731500000003,UTILITIES
inert_gas,TONNE,7.881945072618026,¢/KG,"hdpe, by gas phase process",-0.056118906275000005,UTILITIES
inert_gas,TONNE,7.881945072618026,¢/KG,"hdpe, by slurry process",-0.04149842422500001,UTILITIES
inert_gas,TONNE,7.881945072618026,¢/KG,"hdpe, by solution process",-0.05160564385,UTILITIES
inert_gas,TONNE,7.881945072618026,¢/KG,"hydrogen_peroxide, by anthraquinone process",-0.034403766450000005,UTILITIES
inert_gas,TONNE,7.881945072618026,¢/KG,"ldpe, by autoclave process",-0.0026181278,UTILITIES
inert_gas,TONNE,7.881945072618026,¢/KG,"ldpe, by tubular process",-0.003949551933333333,UTILITIES
inert_gas,TONNE,7.881945072618026,¢/KG,"lldpe, by gas phase process",-0.022981714233333336,UTILITIES
inert_gas,TONNE,7.881945072618026,¢/KG,"lldpe, by solution process",-0.04128451275,UTILITIES
inert_gas,TONNE,7.881945072618026,¢/KG,"phenol, from benzene by direct oxidation with hydrogen peroxide",-0.16376191805,UTILITIES
inert_gas,TONNE,7.881945072618026,¢/KG,"phenol, from cumene",-0.0006880752125,UTILITIES
inert_gas,TONNE,7.881945072618026,¢/KG,"pla, by ring-opening polymerization",-0.0047408393500000005,UTILITIES
inert_gas,TONNE,7.881945072618026,¢/KG,"polymeric_mdi, by phosgenation",-0.04656644975888076,UTILITIES
inert_gas,TONNE,7.881945072618026,¢/KG,"polyol_polyester, from adipic acid and deg",-0.01788996135,UTILITIES
inert_gas,TONNE,7.881945072618026,¢/KG,"polyol_polyether, from po and eo by semi-continuous process",-0.0542203349,UTILITIES
inert_gas,TONNE,7.881945072618026,¢/KG,"pp, by gas phase process",-0.036089892308333336,UTILITIES
inert_gas,TONNE,7.881945072618026,¢/KG,"pp, by slurry process",-0.022348824099999998,UTILITIES
inert_gas,TONNE,7.881945072618026,¢/KG,"propylene, from ethylene by dimerization and oct",-0.0076032326999999995,UTILITIES
inert_gas,TONNE,7.881945072618026,¢/KG,"propylene_oxide, by the cumene-po route",-0.01479362435,UTILITIES
inert_gas,TONNE,7.881945072618026,¢/KG,"propylene_oxide, by the hppo process",-0.003692673316666667,UTILITIES
inert_gas,TONNE,7.881945072618026,¢/KG,"propylene_oxide, from ethylbenzene coproducing styrene",-0.01376150425,UTILITIES
inert_gas,TONNE,7.881945072618026,¢/KG,"pvc, by suspension polymerization",-0.006880754066666667,UTILITIES
inert_gas,TONNE,7.881945072618026,¢/KG,"styrene, from benzene and ethylene",-0.0034682418916666667,UTILITIES
inert_gas,TONNE,7.881945072618026,¢/KG,"styrene, from butadiene",-0.00434175695,UTILITIES
inert_gas,TONNE,7.881945072618026,¢/KG,"styrene, from ethylbenzene by dehydrogenation",-0.0023635374375,UTILITIES
inert_gas,TONNE,7.881945072618026,¢/KG,"terephthalic_acid, from p-xylene by air oxidation",-0.007650074661538461,UTILITIES
inert_gas,TONNE,7.881945072618026,¢/KG,"toluene_diisocyanate, from dinitrotoluene by phosgenation",-0.05185585768290846,UTILITIES
inert_gas,TONNE,7.881945072618026,¢/KG,"toluene_diisocyanate, from toluene via dinitrotoluene by phosgenation",-0.011073021102655706,UTILITIES
lactic_acid,TONNE,185.6893508311716,¢/KG,"pla, by ring-opening polymerization",-1.2408000000000001,RAW MATERIALS
ldpe,TONNE,216.05,¢/KG,"ldpe, by autoclave process",1.0,PRODUCT
ldpe,TONNE,216.05,¢/KG,"ldpe, by tubular process",1.0,PRODUCT
lldpe,TONNE,198.66,¢/KG,"lldpe, by gas phase process",1.0,PRODUCT
lldpe,TONNE,198.66,¢/KG,"lldpe, by solution process",1.0,PRODUCT
methanol,TONNE,37.9000786396763,¢/KG,"acetic_acid, from methanol carbonylation",-0.5403866666666666,RAW MATERIALS
methanol,TONNE,37.9000786396763,¢/KG,"acetic_anhydride, from methyl acetate carbonylation",-0.30046,RAW MATERIALS
methanol,TONNE,37.9000786396763,¢/KG,"adipic_acid, from cyclohexane_3",-0.03448,RAW MATERIALS
methanol,TONNE,37.9000786396763,¢/KG,"adipic_acid, from glucose by fermentation",-0.15033,RAW MATERIALS
methanol,TONNE,37.9000786396763,¢/KG,"adipic_acid, from glucose by heterogeneous catalysis",-0.1025,RAW MATERIALS
methanol,TONNE,37.9000786396763,¢/KG,"dimethyl_terephthalate, from p-xylene by oxidation and esterification",-0.39907499999999996,RAW MATERIALS
methanol,TONNE,37.9000786396763,¢/KG,"formaldehyde, from methanol",-1.1767385714285716,RAW MATERIALS
methanol,TONNE,37.9000786396763,¢/KG,"pet, by dmt process",0.303476902314099,BY-PRODUCT CREDITS
methanol,TONNE,37.9000786396763,¢/KG,"polymeric_mdi, by phosgenation",0.03189,BY-PRODUCT CREDITS
methanol,TONNE,37.9000786396763,¢/KG,"propylene_oxide, by the hppo process",-0.011013333333333333,RAW MATERIALS
methanol,TONNE,37.9000786396763,¢/KG,"styrene, from toluene and methanol",-0.58272,RAW MATERIALS
mixed_methyl_ester,TONNE,65.4772918689086,¢/KG,"adipic_acid, from cyclohexane_3",0.0902,BY-PRODUCT CREDITS
mixed_methyl_ester,TONNE,65.4772918689086,¢/KG,"adipic_acid, from glucose by fermentation",0.66,BY-PRODUCT CREDITS
mixed_methyl_ester,TONNE,65.4772918689086,¢/KG,"adipic_acid, from glucose by heterogeneous catalysis",0.2454,BY-PRODUCT CREDITS
n2o_emission,TONNE,0.0,¢/KG,"adipic_acid, from benzene via cyclohexanol",0.01191,BY-PRODUCT CREDITS
n2o_emission,TONNE,0.0,¢/KG,"adipic_acid, from cyclohexane_1",0.01191,BY-PRODUCT CREDITS
n2o_emission,TONNE,0.0,¢/KG,"adipic_acid, from cyclohexane_2",0.01191,BY-PRODUCT CREDITS
n2o_emission,TONNE,0.0,¢/KG,"adipic_acid, from cyclohexane_3",0.01191,BY-PRODUCT CREDITS
n2o_emission,TONNE,0.0,¢/KG,"adipic_acid, from glucose by fermentation",0.01191,BY-PRODUCT CREDITS
n2o_emission,TONNE,0.0,¢/KG,"adipic_acid, from glucose by heterogeneous catalysis",0.01191,BY-PRODUCT CREDITS
n2o_emission,TONNE,0.0,¢/KG,"adipic_acid, from phenol via cyclohexanol",0.01191,BY-PRODUCT CREDITS
nitric_acid,TONNE,35.09024339775967,¢/KG,"adipic_acid, from benzene via cyclohexanol",-0.2607304083769634,RAW MATERIALS
nitric_acid,TONNE,35.09024339775967,¢/KG,"adipic_acid, from cyclohexane_1",-0.35673,RAW MATERIALS
nitric_acid,TONNE,35.09024339775967,¢/KG,"adipic_acid, from cyclohexane_2",-0.5651028188481677,RAW MATERIALS
nitric_acid,TONNE,35.09024339775967,¢/KG,"adipic_acid, from cyclohexane_3",-0.36723562303664936,RAW MATERIALS
nitric_acid,TONNE,35.09024339775967,¢/KG,"adipic_acid, from phenol via cyclohexanol",-0.379026,RAW MATERIALS
nitric_acid,TONNE,35.09024339775967,¢/KG,"dinitrotoluene, from toluene by nitration",-0.6204954973821992,RAW MATERIALS
nitric_acid,TONNE,35.09024339775967,¢/KG,"nitrobenzene, from benzene by nitration",-0.310896,RAW MATERIALS
nitric_acid,TONNE,35.09024339775967,¢/KG,"toluene_diisocyanate, from toluene via dinitrotoluene by phosgenation",-0.8071583497382201,RAW MATERIALS
nitrobenzene,TONNE,178.000615244035,¢/KG,"aniline, from nitrobenzene",-1.34764,RAW MATERIALS
nitrobenzene,TONNE,178.000615244035,¢/KG,"nitrobenzene, from benzene by nitration",1.0,PRODUCT
nitrogen,TONNE,9.612128137339056,¢/KG,"adipic_acid, from cyclohexane_2",-0.13460816585000002,RAW MATERIALS
nitrogen,TONNE,9.612128137339056,¢/KG,"chlorobenzene, from benzene and chlorine",-0.004217674065837908,RAW MATERIALS
nitrogen,TONNE,9.612128137339056,¢/KG,"phenol, from cumene",-0.0402706394625,RAW MATERIALS
nitrogen,TONNE,9.612128137339056,¢/KG,"polymeric_mdi, by phosgenation",-0.004714130289557326,RAW MATERIALS
nitrogen,TONNE,9.612128137339056,¢/KG,"propylene_oxide, by the hppo process",-0.0028706493166666667,RAW MATERIALS
nitrogen,TONNE,9.612128137339056,¢/KG,"terephthalic_acid, from p-xylene by oxygen oxidation",-0.045384753550000004,RAW MATERIALS
nitrogen,TONNE,9.612128137339056,¢/KG,"toluene_diisocyanate, from dinitrotoluene by phosgenation",-0.009434928373017846,RAW MATERIALS
nitrogen,TONNE,9.612128137339056,¢/KG,"toluene_diisocyanate, from toluene via dinitrotoluene by phosgenation",-0.009882674497853922,RAW MATERIALS
o-dichlorobenzene,TONNE,135.363828981515,¢/KG,"chlorobenzene, from benzene and chlorine",0.032,BY-PRODUCT CREDITS
oxygen,TONNE,3.9198190216471205,¢/KG,"acetaldehyde, from ethylene by one-step oxidation",-0.4,RAW MATERIALS
oxygen,TONNE,3.9198190216471205,¢/KG,"acetic_acid, from one-step ethylene oxidation",-0.6909,RAW MATERIALS
oxygen,TONNE,3.9198190216471205,¢/KG,"adipic_acid, from cyclohexane_2",-0.264556,RAW MATERIALS
oxygen,TONNE,3.9198190216471205,¢/KG,"chlorobenzene, from benzene and chlorine",-0.04362022951798906,RAW MATERIALS
oxygen,TONNE,3.9198190216471205,¢/KG,"ethylene_glycol, from ethylene via eo",-0.5917,RAW MATERIALS
oxygen,TONNE,3.9198190216471205,¢/KG,"ethylene_oxide, from ethylene by oxygen oxidation",-0.8113049999999999,RAW MATERIALS
oxygen,TONNE,3.9198190216471205,¢/KG,"hydrogen_peroxide, by cathodic reduction of oxygen",-0.53826,RAW MATERIALS
oxygen,TONNE,3.9198190216471205,¢/KG,"phenol, from cumene",-0.0959975,RAW MATERIALS
oxygen,TONNE,3.9198190216471205,¢/KG,"polymeric_mdi, by carbonylation",-0.145,RAW MATERIALS
oxygen,TONNE,3.9198190216471205,¢/KG,"polymeric_mdi, by phosgenation",-0.04875470271014003,RAW MATERIALS
oxygen,TONNE,3.9198190216471205,¢/KG,"propylene_oxide, by the hppo process",-0.52813,RAW MATERIALS
oxygen,TONNE,3.9198190216471205,¢/KG,"styrene, from butadiene",-0.41008,RAW MATERIALS
oxygen,TONNE,3.9198190216471205,¢/KG,"styrene, from ethylbenzene by dehydrogenation",-0.048850000000000005,RAW MATERIALS
oxygen,TONNE,3.9198190216471205,¢/KG,"terephthalic_acid, from p-xylene by oxygen oxidation",-0.6454869999999999,RAW MATERIALS
oxygen,TONNE,3.9198190216471205,¢/KG,"toluene_diisocyanate, from dinitrotoluene by phosgenation",-0.09757836539582482,RAW MATERIALS
oxygen,TONNE,3.9198190216471205,¢/KG,"toluene_diisocyanate, from toluene via dinitrotoluene by phosgenation",-0.10220906668432274,RAW MATERIALS
oxygen,TONNE,3.9198190216471205,¢/KG,"vinyl_chloride, from ethylene by a balanced process",-0.1378,RAW MATERIALS
p-dichlorobenzene,TONNE,150.355262810086,¢/KG,"chlorobenzene, from benzene and chlorine",0.109,BY-PRODUCT CREDITS
p-xylene,TONNE,99.2080179831949,¢/KG,"dimethyl_terephthalate, from p-xylene by oxidation and esterification",-0.62675,RAW MATERIALS
p-xylene,TONNE,99.2080179831949,¢/KG,"terephthalic_acid, from p-xylene by air oxidation",-0.6547607692307693,RAW MATERIALS
p-xylene,TONNE,99.2080179831949,¢/KG,"terephthalic_acid, from p-xylene by oxygen oxidation",-0.66182,RAW MATERIALS
pbat,TONNE,-999.0,¢/KG,"pbat, from aliphatic aromatic copolyester process",1.0,PRODUCT
pef,TONNE,-999.0,¢/KG,"pef, from fdca",1.0,PRODUCT
pet,TONNE,199.08,¢/KG,"pet, by dmt process",1.0,PRODUCT
pet,TONNE,199.08,¢/KG,"pet, by tpa process",1.0,PRODUCT
phenol,TONNE,180.428157686052,¢/KG,"adipic_acid, from phenol via cyclohexanol",-0.69283,RAW MATERIALS
phenol,TONNE,180.428157686052,¢/KG,"aniline, from phenol",-1.02842,RAW MATERIALS
phenol,TONNE,180.428157686052,¢/KG,"phenol, from benzene by direct oxidation with hydrogen peroxide",1.0,PRODUCT
phenol,TONNE,180.428157686052,¢/KG,"phenol, from benzene by direct oxidation with n2o from adipic acid off-gas",1.0,PRODUCT
phenol,TONNE,180.428157686052,¢/KG,"phenol, from benzene by direct oxidation with n2o from ammonia",1.0,PRODUCT
phenol,TONNE,180.428157686052,¢/KG,"phenol, from cumene",1.0,PRODUCT
pla,TONNE,-999.0,¢/KG,"pla, by ring-opening polymerization",1.0,PRODUCT
polybutadiene,TONNE,211.8621169798335,¢/KG,"hips, by continuous bulk polymerization",-0.06889999999999999,RAW MATERIALS
polybutadiene,TONNE,211.8621169798335,¢/KG,"polybutadiene, by solution process",1.0,PRODUCT
polymeric_mdi,TONNE,192.5946436776485,¢/KG,"polymeric_mdi, by carbonylation",1.0,PRODUCT
polymeric_mdi,TONNE,192.5946436776485,¢/KG,"polymeric_mdi, by phosgenation",1.0,PRODUCT
polymeric_mdi,TONNE,192.5946436776485,¢/KG,"pur_rigid, from polymeric MDI and polyol",-0.6398,RAW MATERIALS
polyol_polyester,TONNE,330.1621419240365,¢/KG,"polyol_polyester, from adipic acid and deg",1.0,PRODUCT
polyol_polyester,TONNE,330.1621419240365,¢/KG,"pur_rigid, from polymeric MDI and polyol",-0.115,RAW MATERIALS
polyol_polyether,TONNE,330.691743680675,¢/KG,"polyol_polyether, from po and eo by semi-continuous process",1.0,PRODUCT
polyol_polyether,TONNE,330.691743680675,¢/KG,"pur_rigid, from polymeric MDI and polyol",-0.1269,RAW MATERIALS
polyol_trifunc_polyether,TONNE,302.033299193282,¢/KG,"pur_flexible, from toluene diisocyanate and polyol",-0.66401,RAW MATERIALS
pp,TONNE,268.3,¢/KG,"pp, by gas phase process",1.0,PRODUCT
pp,TONNE,268.3,¢/KG,"pp, by slurry process",1.0,PRODUCT
propylene,TONNE,135.17133127305468,¢/KG,"cumene, from benzene and propylene",-0.36519,RAW MATERIALS
propylene,TONNE,135.17133127305468,¢/KG,"pp, by gas phase process",-1.01501,RAW MATERIALS
propylene,TONNE,135.17133127305468,¢/KG,"pp, by slurry process",-1.0372,RAW MATERIALS
propylene,TONNE,135.17133127305468,¢/KG,"propylene, from ethylene by dimerization and oct",1.0,PRODUCT
propylene,TONNE,135.17133127305468,¢/KG,"propylene_oxide, by the cumene-po route",-0.7294783327863471,RAW MATERIALS
propylene,TONNE,135.17133127305468,¢/KG,"propylene_oxide, by the hppo process",-0.8216033333333334,RAW MATERIALS
propylene,TONNE,135.17133127305468,¢/KG,"propylene_oxide, from ethylbenzene coproducing styrene",-0.7861760961601573,RAW MATERIALS
propylene_oxide,TONNE,234.3506923512625,¢/KG,"polyol_polyether, from po and eo by semi-continuous process",-0.9147,RAW MATERIALS
propylene_oxide,TONNE,234.3506923512625,¢/KG,"propylene_oxide, by the cumene-po route",1.0,PRODUCT
propylene_oxide,TONNE,234.3506923512625,¢/KG,"propylene_oxide, by the hppo process",1.0,PRODUCT
propylene_oxide,TONNE,234.3506923512625,¢/KG,"propylene_oxide, from ethylbenzene coproducing styrene",1.0,PRODUCT
pur_flexible,TONNE,723.12,¢/KG,"pur_flexible, from toluene diisocyanate and polyol",1.0,PRODUCT
pur_rigid,TONNE,661.39,¢/KG,"pur_rigid, from polymeric MDI and polyol",1.0,PRODUCT
pvc,TONNE,216.3,¢/KG,"pvc, by emulsion polymerization",1.0,PRODUCT
pvc,TONNE,216.3,¢/KG,"pvc, by suspension polymerization",1.0,PRODUCT
sodium_acetate,TONNE,82.4528860571442,¢/KG,"ca, from cellulose and acetic anhydride",-0.0408,RAW MATERIALS
steam,GJ,0.3651406217437031,¢/MJ,"acetaldehyde, from ethylene by one-step oxidation",-9.504000000000001,UTILITIES
steam,GJ,0.3651406217437031,¢/MJ,"acetic_acid, from ethanol via acetaldehyde",-6.4,UTILITIES
steam,GJ,0.3651406217437031,¢/MJ,"acetic_acid, from methanol carbonylation",-2.97504,UTILITIES
steam,GJ,0.3651406217437031,¢/MJ,"acetic_acid, from one-step ethylene oxidation",-0.8528,UTILITIES
steam,GJ,0.3651406217437031,¢/MJ,"acetic_anhydride, from acetaldehyde oxidation",-5.5488,UTILITIES
steam,GJ,0.3651406217437031,¢/MJ,"acetic_anhydride, from acetic acid via ketene",-10.048000000000002,UTILITIES
steam,GJ,0.3651406217437031,¢/MJ,"acetic_anhydride, from methyl acetate carbonylation",-3.5840000000000005,UTILITIES
steam,GJ,0.3651406217437031,¢/MJ,"adipic_acid, from benzene via cyclohexanol",-46.24,UTILITIES
steam,GJ,0.3651406217437031,¢/MJ,"adipic_acid, from cyclohexane_1",-39.392,UTILITIES
steam,GJ,0.3651406217437031,¢/MJ,"adipic_acid, from cyclohexane_2",-40.64,UTILITIES
steam,GJ,0.3651406217437031,¢/MJ,"adipic_acid, from cyclohexane_3",-50.56,UTILITIES
steam,GJ,0.3651406217437031,¢/MJ,"adipic_acid, from glucose by fermentation",-72.32000000000001,UTILITIES
steam,GJ,0.3651406217437031,¢/MJ,"adipic_acid, from glucose by heterogeneous catalysis",-40.0,UTILITIES
steam,GJ,0.3651406217437031,¢/MJ,"adipic_acid, from phenol via cyclohexanol",-17.8272,UTILITIES
steam,GJ,0.3651406217437031,¢/MJ,"aniline, from nitrobenzene",3.5200000000000005,BY-PRODUCT CREDITS
steam,GJ,0.3651406217437031,¢/MJ,"aniline, from phenol",-3.28,UTILITIES
steam,GJ,0.3651406217437031,¢/MJ,"butene_1, from ethylene by dimerization",-9.088,UTILITIES
steam,GJ,0.3651406217437031,¢/MJ,"ca, from cellulose and acetic anhydride",-89.8566540161236,UTILITIES
steam,GJ,0.3651406217437031,¢/MJ,"chlorobenzene, from benzene and chlorine",-6.385210094050861,UTILITIES
steam,GJ,0.3651406217437031,¢/MJ,"cumene, from benzene and propylene",0.02400000000000002,BY-PRODUCT CREDITS
steam,GJ,0.3651406217437031,¢/MJ,"dimethyl_terephthalate, from p-xylene by oxidation and esterification",1.8672000000000004,BY-PRODUCT CREDITS
steam,GJ,0.3651406217437031,¢/MJ,"dinitrotoluene, from toluene by nitration",-0.7040000000000001,UTILITIES
steam,GJ,0.3651406217437031,¢/MJ,"ethylbenzene, from benzene via liquid phase alkylation",3.9125333333333336,BY-PRODUCT CREDITS
steam,GJ,0.3651406217437031,¢/MJ,"ethylbenzene, from butadiene via 4-vinylcyclohexene",-7.315200000000001,UTILITIES
steam,GJ,0.3651406217437031,¢/MJ,"ethylene, from ethanol dehydration",-1.6656000000000002,UTILITIES
steam,GJ,0.3651406217437031,¢/MJ,"ethylene_glycol, from ethylene via eo",-24.32,UTILITIES
steam,GJ,0.3651406217437031,¢/MJ,"ethylene_oxide, from ethylene by oxygen oxidation",-1.2764,UTILITIES
steam,GJ,0.3651406217437031,¢/MJ,"formaldehyde, from methanol",5.114057142857143,BY-PRODUCT CREDITS
steam,GJ,0.3651406217437031,¢/MJ,"gpps, by continuous bulk polymerization",-0.2528,UTILITIES
steam,GJ,0.3651406217437031,¢/MJ,"hdpe, by gas phase process",-0.20640000000000003,UTILITIES
steam,GJ,0.3651406217437031,¢/MJ,"hdpe, by slurry process",-0.8479999999999999,UTILITIES
steam,GJ,0.3651406217437031,¢/MJ,"hdpe, by solution process",0.060799999999999965,BY-PRODUCT CREDITS
steam,GJ,0.3651406217437031,¢/MJ,"hips, by continuous bulk polymerization",-0.2528,UTILITIES
steam,GJ,0.3651406217437031,¢/MJ,"hydrogen_peroxide, by anthraquinone process",-15.712000000000002,UTILITIES
steam,GJ,0.3651406217437031,¢/MJ,"ldpe, by autoclave process",-0.2656,UTILITIES
steam,GJ,0.3651406217437031,¢/MJ,"ldpe, by tubular process",-0.38506666666666667,UTILITIES
steam,GJ,0.3651406217437031,¢/MJ,"lldpe, by solution process",-1.024,UTILITIES
steam,GJ,0.3651406217437031,¢/MJ,"nitrobenzene, from benzene by nitration",-1.3456000000000001,UTILITIES
steam,GJ,0.3651406217437031,¢/MJ,"pbat, from aliphatic aromatic copolyester process",-1.6016,UTILITIES
steam,GJ,0.3651406217437031,¢/MJ,"pef, from fdca",-8.0128,UTILITIES
steam,GJ,0.3651406217437031,¢/MJ,"pet, by dmt process",-0.8832000000000001,UTILITIES
steam,GJ,0.3651406217437031,¢/MJ,"pet, by tpa process",-0.624,UTILITIES
steam,GJ,0.3651406217437031,¢/MJ,"phenol, from benzene by direct oxidation with hydrogen peroxide",-72.864,UTILITIES
steam,GJ,0.3651406217437031,¢/MJ,"phenol, from benzene by direct oxidation with n2o from adipic acid off-gas",-0.19248,UTILITIES
steam,GJ,0.3651406217437031,¢/MJ,"phenol, from benzene by direct oxidation with n2o from ammonia",8.512,BY-PRODUCT CREDITS
steam,GJ,0.3651406217437031,¢/MJ,"phenol, from cumene",-15.9592,UTILITIES
steam,GJ,0.3651406217437031,¢/MJ,"pla, by ring-opening polymerization",-7.869760000000001,UTILITIES
steam,GJ,0.3651406217437031,¢/MJ,"polybutadiene, by solution process",-19.197439999999997,UTILITIES
steam,GJ,0.3651406217437031,¢/MJ,"polymeric_mdi, by carbonylation",-36.832,UTILITIES
steam,GJ,0.3651406217437031,¢/MJ,"polymeric_mdi, by phosgenation",-7.232782364149618,UTILITIES
steam,GJ,0.3651406217437031,¢/MJ,"polyol_polyester, from adipic acid and deg",-1.2608000000000001,UTILITIES
steam,GJ,0.3651406217437031,¢/MJ,"polyol_polyether, from po and eo by semi-continuous process",-1.2608000000000001,UTILITIES
steam,GJ,0.3651406217437031,¢/MJ,"pp, by gas phase process",-0.5336533333333334,UTILITIES
steam,GJ,0.3651406217437031,¢/MJ,"pp, by slurry process",-0.8185600000000003,UTILITIES
steam,GJ,0.3651406217437031,¢/MJ,"propylene, from ethylene by dimerization and oct",-2.5840000000000005,UTILITIES
steam,GJ,0.3651406217437031,¢/MJ,"propylene_oxide, by the cumene-po route",-32.256,UTILITIES
steam,GJ,0.3651406217437031,¢/MJ,"propylene_oxide, by the hppo process",-23.968,UTILITIES
steam,GJ,0.3651406217437031,¢/MJ,"propylene_oxide, from ethylbenzene coproducing styrene",-34.9104,UTILITIES
steam,GJ,0.3651406217437031,¢/MJ,"pvc, by emulsion polymerization",-1.9552,UTILITIES
steam,GJ,0.3651406217437031,¢/MJ,"pvc, by suspension polymerization",-1.824,UTILITIES
steam,GJ,0.3651406217437031,¢/MJ,"styrene, from benzene and ethylene",-3.928533333333334,UTILITIES
steam,GJ,0.3651406217437031,¢/MJ,"styrene, from butadiene",2.8800000000000003,BY-PRODUCT CREDITS
steam,GJ,0.3651406217437031,¢/MJ,"styrene, from ethylbenzene by dehydrogenation",-7.5440000000000005,UTILITIES
steam,GJ,0.3651406217437031,¢/MJ,"styrene, from toluene and methanol",-24.448,UTILITIES
steam,GJ,0.3651406217437031,¢/MJ,"terephthalic_acid, from p-xylene by air oxidation",-6.3414375384615385,UTILITIES
steam,GJ,0.3651406217437031,¢/MJ,"terephthalic_acid, from p-xylene by oxygen oxidation",-8.16,UTILITIES
steam,GJ,0.3651406217437031,¢/MJ,"toluene_diisocyanate, from dinitrotoluene by phosgenation",-11.938878423298034,UTILITIES
steam,GJ,0.3651406217437031,¢/MJ,"toluene_diisocyanate, from toluene via dinitrotoluene by phosgenation",-46.7086937841007,UTILITIES
steam,GJ,0.3651406217437031,¢/MJ,"vinyl_chloride, from ethylene by a balanced process",-0.9472,UTILITIES
styrene,TONNE,161.70937954173868,¢/KG,"gpps, by continuous bulk polymerization",-1.0074999999999998,RAW MATERIALS
styrene,TONNE,161.70937954173868,¢/KG,"hips, by continuous bulk polymerization",-0.93315,RAW MATERIALS
styrene,TONNE,161.70937954173868,¢/KG,"propylene_oxide, from ethylbenzene coproducing styrene",2.268,BY-PRODUCT CREDITS
styrene,TONNE,161.70937954173868,¢/KG,"styrene, from benzene and ethylene",1.0,PRODUCT
styrene,TONNE,161.70937954173868,¢/KG,"styrene, from butadiene",1.0,PRODUCT
styrene,TONNE,161.70937954173868,¢/KG,"styrene, from ethylbenzene by dehydrogenation",1.0,PRODUCT
styrene,TONNE,161.70937954173868,¢/KG,"styrene, from toluene and methanol",1.0,PRODUCT
sulfuric_acid,TONNE,4.58561505344545,¢/KG,"adipic_acid, from cyclohexane_1",-0.08358,RAW MATERIALS
sulfuric_acid,TONNE,4.58561505344545,¢/KG,"adipic_acid, from cyclohexane_2",-0.08358,RAW MATERIALS
sulfuric_acid,TONNE,4.58561505344545,¢/KG,"chlorobenzene, from benzene and chlorine",-0.005110021429828482,RAW MATERIALS
sulfuric_acid,TONNE,4.58561505344545,¢/KG,"dinitrotoluene, from toluene by nitration",-0.027,RAW MATERIALS
sulfuric_acid,TONNE,4.58561505344545,¢/KG,"polymeric_mdi, by phosgenation",-0.005711514552003619,RAW MATERIALS
sulfuric_acid,TONNE,4.58561505344545,¢/KG,"toluene_diisocyanate, from dinitrotoluene by phosgenation",-0.011431107625297202,RAW MATERIALS
sulfuric_acid,TONNE,4.58561505344545,¢/KG,"toluene_diisocyanate, from toluene via dinitrotoluene by phosgenation",-0.04054058489056698,RAW MATERIALS
terephthalic_acid,TONNE,113.80267319899299,¢/KG,"pbat, from aliphatic aromatic copolyester process",-0.3570711340206185,RAW MATERIALS
terephthalic_acid,TONNE,113.80267319899299,¢/KG,"pet, by tpa process",-0.860735,RAW MATERIALS
terephthalic_acid,TONNE,113.80267319899299,¢/KG,"terephthalic_acid, from p-xylene by air oxidation",1.0,PRODUCT
terephthalic_acid,TONNE,113.80267319899299,¢/KG,"terephthalic_acid, from p-xylene by oxygen oxidation",1.0,PRODUCT
toluene,TONNE,79.372832955038,¢/KG,"dinitrotoluene, from toluene by nitration",-0.52549,RAW MATERIALS
toluene,TONNE,79.372832955038,¢/KG,"styrene, from benzene and ethylene",0.0052766666666666665,BY-PRODUCT CREDITS
toluene,TONNE,79.372832955038,¢/KG,"styrene, from toluene and methanol",-1.19892,RAW MATERIALS
toluene,TONNE,79.372832955038,¢/KG,"toluene_diisocyanate, from toluene via dinitrotoluene by phosgenation",-0.55205,RAW MATERIALS
toluene_diisocyanate,TONNE,221.121824485716,¢/KG,"pur_flexible, from toluene diisocyanate and polyol",-0.38845,RAW MATERIALS
toluene_diisocyanate,TONNE,221.121824485716,¢/KG,"toluene_diisocyanate, from dinitrotoluene by phosgenation",1.0,PRODUCT
toluene_diisocyanate,TONNE,221.121824485716,¢/KG,"toluene_diisocyanate, from toluene via dinitrotoluene by phosgenation",1.0,PRODUCT
toluenediamine_crude,TONNE,145.901925113952,¢/KG,"toluene_diisocyanate, from dinitrotoluene by phosgenation",0.084,BY-PRODUCT CREDITS
vinyl_chloride,TONNE,119.401180599665,¢/KG,"pvc, by emulsion polymerization",-1.007,RAW MATERIALS
vinyl_chloride,TONNE,119.401180599665,¢/KG,"pvc, by suspension polymerization",-1.00538,RAW MATERIALS
vinyl_chloride,TONNE,119.401180599665,¢/KG,"vinyl_chloride, from ethylene by a balanced process",1.0,PRODUCT
water,TONNE,0.5554507695684306,¢/KG,"acetaldehyde, from ethylene by one-step oxidation",-2.58707,UTILITIES
water,TONNE,0.5554507695684306,¢/KG,"acetic_anhydride, from acetaldehyde oxidation",-1.58563,UTILITIES
water,TONNE,0.5554507695684306,¢/KG,"adipic_acid, from benzene via cyclohexanol",-0.077195,UTILITIES
water,TONNE,0.5554507695684306,¢/KG,"adipic_acid, from cyclohexane_3",-0.20496,UTILITIES
water,TONNE,0.5554507695684306,¢/KG,"adipic_acid, from glucose by fermentation",-13.49994,UTILITIES
water,TONNE,0.5554507695684306,¢/KG,"adipic_acid, from glucose by heterogeneous catalysis",-0.35001,UTILITIES
water,TONNE,0.5554507695684306,¢/KG,"adipic_acid, from phenol via cyclohexanol",-0.66763,UTILITIES
water,TONNE,0.5554507695684306,¢/KG,"aniline, from nitrobenzene",-0.25036,UTILITIES
water,TONNE,0.5554507695684306,¢/KG,"ca, from cellulose and acetic anhydride",-10.3483,UTILITIES
water,TONNE,0.5554507695684306,¢/KG,"chlorobenzene, from benzene and chlorine",-0.042555693312472304,UTILITIES
water,TONNE,0.5554507695684306,¢/KG,"cyclohexane, from benzene by hydrogenation",-0.91747,UTILITIES
water,TONNE,0.5554507695684306,¢/KG,"dimethyl_terephthalate, from p-xylene by oxidation and esterification",-0.083455,UTILITIES
water,TONNE,0.5554507695684306,¢/KG,"ethylbenzene, from butadiene via 4-vinylcyclohexene",-0.66763,UTILITIES
water,TONNE,0.5554507695684306,¢/KG,"ethylene, from ethanol dehydration",-0.004465,UTILITIES
water,TONNE,0.5554507695684306,¢/KG,"formaldehyde, from methanol",-1.496067142857143,UTILITIES
water,TONNE,0.5554507695684306,¢/KG,"hdpe, by slurry process",-0.0631125,UTILITIES
water,TONNE,0.5554507695684306,¢/KG,"hips, by continuous bulk polymerization",-0.208635,UTILITIES
water,TONNE,0.5554507695684306,¢/KG,"hydrogen_peroxide, by anthraquinone process",-4.00579,UTILITIES
water,TONNE,0.5554507695684306,¢/KG,"hydrogen_peroxide, by cathodic reduction of oxygen",-31.04489,UTILITIES
water,TONNE,0.5554507695684306,¢/KG,"ldpe, by autoclave process",-1.27685,UTILITIES
water,TONNE,0.5554507695684306,¢/KG,"ldpe, by tubular process",-0.4912633333333334,UTILITIES
water,TONNE,0.5554507695684306,¢/KG,"nitrobenzene, from benzene by nitration",-0.584175,UTILITIES
water,TONNE,0.5554507695684306,¢/KG,"pef, from fdca",-0.03756,UTILITIES
water,TONNE,0.5554507695684306,¢/KG,"pet, by tpa process",-0.06718,UTILITIES
water,TONNE,0.5554507695684306,¢/KG,"phenol, from benzene by direct oxidation with n2o from ammonia",-0.13853,UTILITIES
water,TONNE,0.5554507695684306,¢/KG,"phenol, from cumene",-0.26538249999999997,UTILITIES
water,TONNE,0.5554507695684306,¢/KG,"polybutadiene, by solution process",-2.652168,UTILITIES
water,TONNE,0.5554507695684306,¢/KG,"polymeric_mdi, by carbonylation",-0.91799,UTILITIES
water,TONNE,0.5554507695684306,¢/KG,"polymeric_mdi, by phosgenation",-1.215924861510365,UTILITIES
water,TONNE,0.5554507695684306,¢/KG,"pp, by gas phase process",-0.15369333333333332,UTILITIES
water,TONNE,0.5554507695684306,¢/KG,"propylene_oxide, by the cumene-po route",-0.61756,UTILITIES
water,TONNE,0.5554507695684306,¢/KG,"propylene_oxide, by the hppo process",-1.4298466666666665,UTILITIES
water,TONNE,0.5554507695684306,¢/KG,"propylene_oxide, from ethylbenzene coproducing styrene",-1.50217,UTILITIES
water,TONNE,0.5554507695684306,¢/KG,"pvc, by suspension polymerization",-1.2017366666666667,UTILITIES
water,TONNE,0.5554507695684306,¢/KG,"styrene, from benzene and ethylene",-0.3616333333333333,UTILITIES
water,TONNE,0.5554507695684306,¢/KG,"styrene, from ethylbenzene by dehydrogenation",-0.16607249999999998,UTILITIES
water,TONNE,0.5554507695684306,¢/KG,"terephthalic_acid, from p-xylene by air oxidation",-1.8881676923076924,UTILITIES
water,TONNE,0.5554507695684306,¢/KG,"toluene_diisocyanate, from dinitrotoluene by phosgenation",-2.3484570000525693,UTILITIES
water,TONNE,0.5554507695684306,¢/KG,"toluene_diisocyanate, from toluene via dinitrotoluene by phosgenation",-0.28498469072115484,UTILITIES
